iter	RMSE	Tweedie:variance_power=1.876954511545926
0	773.856886	94.28667093
1	773.7842557	64.94837219
2	773.7126831	46.21811455
3	773.6428006	34.37743831
4	773.5749587	26.94681683
5	773.5098969	22.36070106
6	773.4498558	19.64181388
7	773.394608	18.04432668
8	773.3486878	17.18272102
9	773.3116727	16.72456914
10	773.2826075	16.47916614
