iter	RMSE	Tweedie:variance_power=1.5049416154467194
0	808.7520196	92.52546116
1	808.516119	48.60702374
2	808.3683555	40.30747247
3	808.3331483	39.41926461
4	808.3236921	39.03247062
5	808.3161548	38.64026155
6	808.3130461	38.48095823
7	808.3088368	38.26927645
8	808.3051246	38.0089108
9	808.2997647	37.70240512
10	808.2942318	37.39630289
11	808.2921974	37.20265163
12	808.2877443	36.86120524
13	808.2836446	36.47838594
14	808.2769962	35.99650761
15	808.2690758	35.22815514
16	808.2595896	34.5496576
17	808.2508854	33.78844655
18	808.2388741	32.89950749
19	808.2320728	32.42372256
20	808.2202898	31.61275534
21	808.2174491	31.39335261
22	808.2133986	31.16366246
23	808.2115483	31.0052613
24	808.2095709	30.82228025
25	808.2042228	30.42771804
26	808.2010559	30.09042828
27	808.1948959	29.73718722
28	808.1920986	29.45592737
29	808.1882222	29.19390683
30	808.1825884	28.78604797
31	808.1781446	28.44060386
32	808.1734556	28.07999626
33	808.1692222	27.72665768
34	808.1669708	27.56871291
35	808.1653717	27.41440459
36	808.1654705	27.40341471
37	808.1644701	27.28894113
38	808.1628536	27.17969063
39	808.1607073	26.96216275
40	808.1581701	26.76924445
41	808.153394	26.45351519
42	808.1499484	26.12607642
43	808.143666	25.7437675
44	808.1377599	25.34130929
45	808.1359425	25.14855642
46	808.1330224	24.91746906
47	808.1311153	24.76968352
48	808.1285177	24.54133401
49	808.1273749	24.46278128
50	808.1269966	24.44402152
51	808.124587	24.20806768
52	808.1208563	23.96681728
53	808.1161258	23.61279464
54	808.1148905	23.55698159
55	808.1129753	23.40153958
56	808.1131167	23.3874514
57	808.1097558	23.10939503
58	808.1053034	22.76340949
59	808.101375	22.53141418
60	808.0997954	22.4213555
61	808.0990861	22.36562824
62	808.098228	22.25645342
63	808.0955963	22.08815436
64	808.0940223	21.94674226
65	808.0926276	21.82204484
66	808.0918918	21.76061565
67	808.0914413	21.73153374
68	808.0899501	21.63402988
69	808.0879375	21.50444851
70	808.0853757	21.24528418
71	808.0834936	21.12074708
72	808.0828285	21.08705316
73	808.0823743	21.02876259
74	808.0793886	20.77644114
75	808.0782493	20.71562717
76	808.0769974	20.63212895
77	808.0767864	20.61778093
78	808.0763051	20.59789705
79	808.075528	20.5013834
80	808.0746351	20.39784878
81	808.0736933	20.31314827
82	808.0726189	20.25629292
83	808.0719822	20.17485649
84	808.0706132	20.06728181
85	808.069033	19.96245464
86	808.0669734	19.83116978
87	808.0649796	19.72991927
88	808.0647787	19.57767746
